{
  "id": "3761667",
  "name": "手风琴项目练习",
  "font_family": "iconfont",
  "css_prefix_text": "icon-",
  "description": "",
  "glyphs": [
    {
      "icon_id": "5387670",
      "name": "云",
      "font_class": "yun",
      "unicode": "eb2c",
      "unicode_decimal": 60204
    },
    {
      "icon_id": "8936807",
      "name": "雪花",
      "font_class": "xuehua",
      "unicode": "e612",
      "unicode_decimal": 58898
    },
    {
      "icon_id": "12306464",
      "name": "水滴",
      "font_class": "shuidi",
      "unicode": "e682",
      "unicode_decimal": 59010
    },
    {
      "icon_id": "17605506",
      "name": "阳光",
      "font_class": "yangguang",
      "unicode": "e819",
      "unicode_decimal": 59417
    },
    {
      "icon_id": "22613456",
      "name": "闪电",
      "font_class": "shandian",
      "unicode": "e634",
      "unicode_decimal": 58932
    }
  ]
}
